prompt,raw_predictions,predictions,prompt_type,input_size,input_price,output_size,output_price,total_price
"Provide self-contained and concrete Python values to initialize the undefined variables in the code snippet.

# begin code snippet
d.callback(result)
exit(result)

# end code snippet

# begin undefined variables
d
result
# end undefined variables

# begin undefined attributes and methods
d.callback
# end undefined attributes and methods

Respond strictly with JSON. The JSON should be compatible with the TypeScript type `Response` from the following:

```ts
interface Response {
// Python import statements needed in the initialization code. One string per import.
imports: string[];
// Python code to initialize the undefined variables and make the code snippet executable. One string per undefined variable. The statements in the code snippet above are not part of the initialization of undefined variables. Therefore, their copy or modified versions should not be added here. The values should be self-contained and concrete, i.e. without assumptions or expected replacements of any code that is not present in the code snippet. In case there are undefined attributes or methods and the attribute or method base is not initialized, initialize the attribute or method base using type(""Mock"", bases, dict), where bases is a tuple containing the base classes that the Mock object inherits from, e.g. object, and dict is a dictionary containing the initialization of the undefined attributes and methods in the code snippet.
initialization: string[];
}
```","[
    {
        ""imports"": [
            ""from unittest.mock import Mock""
        ],
        ""initialization"": [
            ""d = Mock()"",
            ""result = 42""
        ]
    },
    {
        ""imports"": [
            ""from unittest.mock import Mock""
        ],
        ""initialization"": [
            ""d = Mock()"",
            ""result = 0""
        ]
    },
    {
        ""imports"": [],
        ""initialization"": [
            ""class Mock: pass"",
            ""d = Mock()"",
            ""d.callback = lambda x: print(f'Callback called with result: {x}')"",
            ""result = 'success'""
        ]
    },
    {
        ""imports"": [
            ""from unittest.mock import MagicMock""
        ],
        ""initialization"": [
            ""d = MagicMock()"",
            ""result = 42""
        ]
    },
    {
        ""imports"": [
            ""from unittest.mock import Mock""
        ],
        ""initialization"": [
            ""d = Mock()"",
            ""result = 42""
        ]
    },
    {
        ""imports"": [
            ""from unittest.mock import Mock""
        ],
        ""initialization"": [
            ""d = Mock(callback=lambda x: x)"",
            ""result = 42""
        ]
    },
    {
        ""imports"": [
            ""from unittest.mock import MagicMock""
        ],
        ""initialization"": [
            ""d = MagicMock()"",
            ""result = 42""
        ]
    },
    {
        ""imports"": [
            ""from unittest.mock import Mock""
        ],
        ""initialization"": [
            ""d = Mock(callback=lambda x: x)"",
            ""result = 'some_result'""
        ]
    },
    {
        ""imports"": [
            ""from unittest.mock import Mock""
        ],
        ""initialization"": [
            ""d = Mock(callback=Mock())"",
            ""result = 42""
        ]
    },
    {
        ""imports"": [
            ""from unittest.mock import Mock""
        ],
        ""initialization"": [
            ""d = Mock(callback=lambda x: x)"",
            ""result = 42""
        ]
    }
]","[
    {
        ""imports"": [
            ""from unittest.mock import Mock # pragma: no cover""
        ],
        ""initialization"": [
            ""d = Mock() # pragma: no cover"",
            ""result = 42 # pragma: no cover""
        ]
    },
    {
        ""imports"": [
            ""from unittest.mock import Mock # pragma: no cover""
        ],
        ""initialization"": [
            ""d = Mock() # pragma: no cover"",
            ""result = 0 # pragma: no cover""
        ]
    },
    {
        ""imports"": [
            """"
        ],
        ""initialization"": [
            ""class Mock: pass # pragma: no cover"",
            ""d = Mock() # pragma: no cover"",
            ""d.callback = lambda x: print(f'Callback called with result: {x}') # pragma: no cover"",
            ""result = 'success' # pragma: no cover""
        ]
    },
    {
        ""imports"": [
            ""from unittest.mock import MagicMock # pragma: no cover""
        ],
        ""initialization"": [
            ""d = MagicMock() # pragma: no cover"",
            ""result = 42 # pragma: no cover""
        ]
    },
    {
        ""imports"": [
            ""from unittest.mock import Mock # pragma: no cover""
        ],
        ""initialization"": [
            ""d = Mock() # pragma: no cover"",
            ""result = 42 # pragma: no cover""
        ]
    },
    {
        ""imports"": [
            ""from unittest.mock import Mock # pragma: no cover""
        ],
        ""initialization"": [
            ""d = Mock(callback=lambda x: x) # pragma: no cover"",
            ""result = 42 # pragma: no cover""
        ]
    },
    {
        ""imports"": [
            ""from unittest.mock import MagicMock # pragma: no cover""
        ],
        ""initialization"": [
            ""d = MagicMock() # pragma: no cover"",
            ""result = 42 # pragma: no cover""
        ]
    },
    {
        ""imports"": [
            ""from unittest.mock import Mock # pragma: no cover""
        ],
        ""initialization"": [
            ""d = Mock(callback=lambda x: x) # pragma: no cover"",
            ""result = 'some_result' # pragma: no cover""
        ]
    },
    {
        ""imports"": [
            ""from unittest.mock import Mock # pragma: no cover""
        ],
        ""initialization"": [
            ""d = Mock(callback=Mock()) # pragma: no cover"",
            ""result = 42 # pragma: no cover""
        ]
    },
    {
        ""imports"": [
            ""from unittest.mock import Mock # pragma: no cover""
        ],
        ""initialization"": [
            ""d = Mock(callback=lambda x: x) # pragma: no cover"",
            ""result = 42 # pragma: no cover""
        ]
    }
]",1,299,0.0001495,477,0.0007155,0.000865
